,Cycle,A1,A2,A3,A4,A5,A6,A7,A8,A9,A10,A11,A12,B1,B2,B3,B4,B5,B6,B7,B8,B9,B10,B11,B12,C1,C2,C3,C4,C5,C6,C7,C8,C9,C10,C11,C12,D1,D2,D3,D4,D5,D6,D7,D8,D9,D10,D11,D12,E1,E2,E3,E4,E5,E6,E7,E8,E9,E10,E11,E12,F1,F2,F3,F4,F5,F6,F7,F8,F9,F10,F11,F12,G1,G2,G3,G4,G5,G6,G7,G8,G9,G10,G11,G12,H1,H2,H3,H4,H5,H6,H7,H8,H9,H10,H11,H12
,1,-75.9099916888722,-30.129983138545,12.014519459995,-41.0242842924022,-40.6137507275494,-23.0146661004992,-26.2991614402604,-33.7543557234735,-43.9288560706868,-76.4635656507585,-91.4831624032195,-121.095372495857,-18.9732984609172,1.05124505193589,6.21621715075798,-27.8001006086984,-49.9828357582683,19.4758802427873,11.1219782218404,-37.8085356796751,0.244145055392892,-26.3523004394356,-8.98857611890662,-46.0579830933962,-26.2153322232789,-35.9654490899966,33.8591590999245,17.9378032540312,-49.900978892932,-30.9515177101703,23.4558476109828,-40.7967857739131,-18.3524380881759,-37.7948220846797,-30.2069886553982,-27.9077918350804,-37.170542519149,-56.5721548106803,-42.2470685867838,-53.3465109333756,-49.8630092645449,21.2236635467229,-22.7080520180716,13.4126958690385,-44.0858868422711,-9.62583779468923,-39.2065306849622,-23.8680890831552,14.096226174232,-29.6353576261713,-21.0562382647513,-32.0850259365066,-37.9893390509237,-30.6671153235534,-50.6842494348612,-64.2232134571304,-18.0488885254699,-35.2928944556888,-54.3895411917661,-17.2675389211681,-67.9643378862502,-21.7989042194008,-34.0244029802557,16.3109871464731,-10.791154210382,-51.3966227589408,-19.6904864816256,-34.5063657870955,-42.1887599940474,-32.0201274700712,-45.5478331665563,-44.198400634019,-31.6810589147985,-9.19297215851702,-34.2373424527073,-12.8996767676135,-52.7038393604062,-42.4033068277863,-41.5449874018695,-42.1277512953789,-51.0489353847661,-29.5400024189512,-15.617420012391,-33.078536391889,-60.5655658883438,-31.3807331546241,27.5162018390251,-61.0697271721647,-51.4512363025051,-46.1449119214749,-41.4082445987938,-54.096330475204,-58.3448461870867,-18.0432304229826,-48.2282484683351,-29.2323855220134
,2,-37.3446927590248,-19.9400091788534,12.0696789115864,-20.2305643383847,-27.8613035008248,-8.84572121590099,-21.8613786192782,-14.262399696594,-35.93260460786,-43.4861149184276,-28.459201261157,-40.9462308612615,-17.4724939840612,0.252778406933885,13.9043423700377,-12.3098405964765,-32.7275771869372,26.9361414089071,9.08680254011188,-19.7721953116084,5.1813466142803,-19.6260591147447,-6.55416282169517,-20.898325711024,-8.9541681622818,-23.8288647398122,33.7427036073768,25.412360277443,-30.3876443361755,-5.21946977779589,30.2530645671472,-27.6266417001825,-9.41019984001332,-25.0408171878212,-16.9094687197057,-21.0890918575751,-25.3539498707109,-46.4507666385985,-30.6123374405324,-44.1373827431839,-30.7008547624291,34.2038075079049,-17.117394639421,25.3568287318126,-32.154721074789,-8.47580387697144,-27.1619022414989,-22.3339141244396,20.767047803572,-22.7483038106416,-13.582774658938,-21.6254643296811,-32.0727305473561,-19.4438206052855,-32.1991949644075,-53.4766407247967,-7.88109764350929,-23.379851841134,-33.4811957746915,-12.9706246757646,-51.4313045948079,-12.8279528077378,-20.9093133936253,24.860031247686,-6.54675808220554,-26.3076899668454,-8.15504192537674,-19.9472740053266,-29.3659900468133,-30.1218972584797,-26.8870417483231,-15.6853992196366,-14.5127402050889,1.4425875162483,-25.2848684717519,-8.55347167504488,-25.1664433155979,-17.4642543097743,-29.0950251679342,-33.1306156239416,-30.3735931799611,-17.2950356883171,-7.2476249429119,-22.5411087070033,-24.2044874808048,-18.2120119448527,42.1152762143752,-31.5745150732296,-28.8162046149037,-29.6568063686386,-21.4402754356956,-26.2469636561332,-35.81362776577,-7.5054323883578,-33.3792544816361,-8.7875562295003
,3,-39.6136097149124,-17.5707406122701,20.4300120067678,-13.5415835063004,-20.0899737340228,-4.58109779254892,-18.3837116815057,-7.93141913035743,-25.5866236077541,-32.9651267001318,-19.5241341667629,-21.0350591361835,-11.0295226267322,1.49564178052287,14.918087748993,-8.99956714152904,-22.9254039366338,29.9194634001046,19.3356122469049,-10.9428529172155,8.37501636434808,-14.3757147785232,2.12822007998602,-21.3219009138029,-8.74444567034061,-15.3503674594986,42.521754899291,32.829814527222,-24.6211220300884,-7.31973910635497,36.1192196317875,-22.8197884165684,-4.09977761790651,-18.6002224490953,-10.3987490251579,-15.6360306316142,-20.2507195677304,-30.4015324771763,-20.4383520481456,-25.5880904367677,-24.1990625873104,39.5144178357514,-13.7875145384278,30.3840033805373,-20.5176062781334,-10.9657722444449,-8.93240409324198,-22.512921877887,30.7225091210025,-18.7510338062061,-12.4150825755364,-20.6882399520396,-21.3858899294974,-16.7838616942363,-23.8215718475881,-34.9815432036185,-4.84544228973982,-22.6779882046403,-19.7527912674786,-8.87303232663999,-35.9649918931455,-8.36325075066634,-11.3725555063679,27.5280271427837,-7.33385696078358,-15.6559412220372,-10.4405118777631,-15.7071827641203,-18.1736697991996,-15.8065457044204,-9.91227384935064,-10.4282682106086,-9.28905230462806,2.5036008733905,-17.4234839448595,-9.18163707727263,-17.1365181719066,-12.72274625621,-25.5463496480052,-22.6015439829389,-12.7185912308514,-11.7454260779436,-6.38369941958854,-16.8424290990088,-19.8944044880773,-9.43437071654944,43.0464765220831,-24.7913646761253,-9.47261193692657,-23.8554912313934,-12.7147670702157,-16.072451965877,-23.6797480328428,-2.34455375973903,-28.691203468532,-9.66927070583233
,4,-36.1033789360381,-9.63578212398943,27.2400160090147,-13.3714327867378,-14.4260104860864,-2.61921026276559,-12.3803378572393,-8.06124811038626,-17.5344912660184,-25.8698665645265,-12.1447745068485,-17.4349101616867,-1.13167225585403,-2.52340366022236,19.8907836653229,-5.13221993622574,-17.3622350975279,39.8926178668034,25.7808163292066,-8.41855893311458,11.1666884857996,-12.2169314853822,2.83762677330833,-17.153220915437,-2.88182302970654,-10.9993716246531,56.6956731990476,43.7730860362917,-16.1308341109034,-2.53530579677636,48.1589595090468,-14.0858040616322,-1.81291130163845,-14.4841273489724,-2.28795153891406,-8.82570744351597,-9.85456666464006,-25.282286685981,-10.0710726842485,-13.4330135383798,-16.3273156530154,52.685890447668,-11.7483567844261,39.4781541660799,-16.6967664358867,-5.85042298226199,-11.3185062161369,-18.33016888466,40.0189435502134,-9.93674013201553,-9.99884608744514,-17.3488879437996,-18.154734666291,-5.0906505312787,-15.0185319900456,-23.2700751452867,-4.57432218390568,-15.8882430002682,-14.5907259649393,-5.99562935180029,-25.6007112837433,-8.29663451920078,-7.83585060082623,34.8761281930994,-7.35809368770651,-11.6676994764289,-10.4184855877202,-9.70548756459084,-15.5611329532176,-8.94483837437883,-6.48618282536609,-9.51287609363089,-6.07162470219691,1.44031260451902,-10.203355906247,-3.8821739468226,-10.0230507453643,-8.65704747833342,-13.1088523640005,-12.2217017600956,-9.4605935671816,-8.37294204064847,-2.10956053781047,-10.3951681152357,-11.6536636205265,-6.04758526508977,57.3953020294421,-16.4226735641241,-4.81628191146956,-12.5242674945353,-11.4517995454357,-13.4834399543647,-18.5549205622483,-0.0908624060170951,-24.8214894162861,-6.0324236041256
,5,-30.3998603315467,-5.29292752607216,32.6544281337481,-10.8712988677707,-11.5460212619746,-4.80701883949905,-11.8551506400381,-4.48503623909028,-14.8032413290107,-23.6702942672687,-13.4280672878635,-15.0643793826162,-4.2300435783668,-1.50319863894356,28.3764437669843,-3.21986976864082,-12.2352166150395,40.4979976356894,31.5775058925536,-10.2871645445966,17.3181123416052,-6.54528466670627,14.5948493624919,-12.277849599765,-3.3532075448361,-7.54829516651125,61.6908506152231,51.4659901954983,-6.88371333340592,-7.36517490338019,53.5637209487791,-9.15054390758405,0.71220255992921,-9.63076910122891,-3.76482469420125,-7.11739606793435,-5.54244128946448,-14.272435505326,-6.73768571567689,-7.49863245167944,-9.41679184722807,61.8953894216766,-8.39200789916777,48.8887222698672,-12.2826861484646,-3.43899314602322,-7.68913302801002,-16.6368772433261,47.9169727937146,-8.45382658183189,-6.53633189325001,-12.7560670594876,-9.38214428249648,-5.34253740661006,-5.15732758520608,-16.3541708719331,-1.48022861850541,-12.2571223450232,-11.4890162742668,-6.66440199975887,-18.0578594946887,-5.06851299867185,-7.37210989053392,41.0633400717041,-3.41442533657209,-10.5249990752486,-10.970430061499,-5.37886106292308,-13.8096214616457,-10.0338850954877,-9.38541337296829,-6.63643180576037,-4.95625015104088,-0.60186697880772,-7.48591718728812,-3.75407639945115,-1.94895423250591,-3.91365550408227,-13.705434483903,-13.5772258411243,-5.74653079548671,-3.67407062702068,-4.67678500501279,-8.63922485873127,-11.5925915663852,-1.91189095740901,60.5790036732828,-13.9604779305819,-1.18873454444974,-9.97027614854233,-5.4861942466855,-11.5750745674691,-13.807140746158,-1.67244222433146,-15.7282391993376,-6.85727058857856
,6,-23.2012527577431,-0.349900875503408,38.1862701961813,-3.3913420534509,-5.09875222356504,-0.401479208925593,-5.49374228177157,1.82813520937407,-8.44935007112963,-12.5112268578118,-1.20169055260658,-9.94007863065781,-3.30615218061121,1.097755346555,30.7379156027382,-4.15451388470547,-5.78417771427121,44.2886964706827,36.9482887177187,-3.26660973662592,23.2276519821912,-7.72178746944655,24.2058785671275,-2.85918210110503,-4.2029665889695,-7.74662969980909,72.9673559875805,56.808929796528,-2.8764885901719,-1.00642278648002,61.8897243410847,-2.87503681430826,-2.38321359602878,-6.01675733522416,-3.12953619178461,-5.45431619904502,-3.1972630625537,-10.5442351371489,-3.4650076032267,-4.31403175602372,-1.70213841439454,68.5836645104919,-2.73662169018826,55.7163721713305,-6.41837953317872,-3.88217914508505,-10.243388284543,-9.39197858340731,54.0534536771364,-7.78882865987589,-0.0616859813067094,-11.6924199233017,-9.65592717147774,-0.904313587296201,-3.13082638958895,-7.43318286606336,1.3882287272354,-0.967035354520704,-4.51987377531668,-5.07886733847954,-10.8239287316887,-5.48479532308147,-1.67521064902576,45.2870673838165,-3.51413740947964,-2.01458878633457,-9.82758573358751,-3.21691302178533,-3.25997534840189,-7.78110295292163,-4.78555714462755,-5.72233319691986,-3.23335680447099,-1.39897102292798,-5.38473247960474,-7.59823746585016,-1.96024835488015,-4.61132323265838,-7.15055562137741,-5.28179618525655,-1.32642111021323,-3.76862127620507,-3.09050645104753,-9.60947105120385,-7.62436380430108,-4.22054939171403,64.3941424478357,-9.98865606902746,-1.91014859015786,-11.6719584226739,-4.7446202375113,-0.866327870852274,0.154435626129271,-5.32376321267702,-9.61277209194168,-5.34400871329308
,7,-15.3147209312015,-0.430032195891272,41.3402018031748,-2.02548908630524,-3.05521292420872,-3.80283089739669,-1.37531173931347,1.72198190476047,-2.86789931968315,-10.0672484950983,-3.10856216744514,-0.26761628318809,-0.908235759160561,1.83481041587174,31.4586718550683,4.78595578829572,-3.66919930966515,53.0233072976998,42.125824141492,-0.935749348543595,30.4275633365846,-2.6915438814176,33.5781877349614,-1.70458350722492,-1.82491696431316,-2.92047784615397,75.0299229642828,62.3555819492358,-0.0914766175401383,2.13333388928777,71.080351499148,1.22136559028968,-1.05717945148854,-0.427177941013269,0.371188234390957,-0.615625598167298,0.275258578535158,-5.48693204758774,0.598590755838359,1.12080673329092,4.38387571943849,72.2874792880202,0.895856161397205,61.0470922868853,-1.60309353867024,-0.847954939536066,-1.72163647286152,-9.55920098869956,58.0417519252277,-0.515536632368821,2.05011274579192,-9.36083649406282,-1.5236533030311,4.34048533787109,1.38412600551374,-5.48443649752699,1.83708266035137,0.295996499480225,-0.15674552831706,-1.40084951418748,-10.6040868290902,1.060243682502,-0.248255963891552,50.2049109689328,1.24636855627887,-1.03195839998989,-0.581850515829501,-0.612274235750192,2.41878527276458,-0.0817767596699923,3.77044114309956,-0.644817527969735,-1.50817117636825,-3.34071024896002,-1.1285977563407,2.98100969117149,3.19459240919969,-3.04372387158583,-2.8763364173642,-2.97384005200138,-4.01603404258231,-0.289949638467988,-1.35266752648977,-3.51400017139622,-0.723066866797126,3.12890967959538,69.0021162063103,-3.03389097517129,-1.50405727747784,-4.35994528060974,-2.61690758708664,-1.0394210362947,-0.588338050447419,-4.85873215664606,-4.58894553412119,1.42788694304954
,8,-10.2346649116039,0.206917133782099,42.9402742751983,-4.57184027025551,-4.95657895474369,1.34523023919337,-4.57311288980645,2.17910529039,-3.26845779745918,-4.94697023166691,0.578261517013289,-0.114794961772986,-1.88461122090484,1.04800869667815,30.1400773997307,3.3769220370159,1.92926672751764,54.3779349453444,46.1112008578234,-1.55908950555204,34.1812100812035,2.23098207828207,36.6609269061346,1.34747346511222,0.560261777302003,0.532520134089282,84.7170645660785,67.3727486008311,2.97544166653461,0.981656177609693,74.1907058078946,1.10576907599034,1.20863389692613,0.10997645294492,2.81233138637981,1.98672310616485,3.92218339732244,-5.5246107013827,2.62023220946367,2.74736646216388,0.389437338503285,79.2975631278628,1.90875066488752,63.0816919726205,-2.13351486812735,1.67221539107504,-4.14853432085192,-5.065124843582,61.1276198638922,-1.14096238963566,-0.543431009984033,-8.67394505872335,-3.79285121705288,4.7978641058171,2.15740472133575,-3.12242660589027,1.07704190523691,3.50429570209644,0.211164093932894,-1.3116651069904,-6.65258058648578,-0.41078869571038,-0.723202405750271,53.0417084497274,2.15305731729995,2.1681046486533,1.05351503024895,-0.61504520326298,-1.82998327892119,3.61882522289352,2.88430203251528,0.239945933158197,3.78904217557874,-3.10387967622955,-1.50734261366551,-0.781960268240255,3.88715160878473,2.83332623761407,-1.87304707988187,0.869548372044392,0.276777086270158,2.65753115981079,0.255022848374665,-2.20927397230116,-2.50436325749251,3.50628580885814,75.8151679278321,-3.56236350923882,-1.50515750913792,0.460224409621787,-0.472352876582136,-1.95149292951783,-0.486225753319104,-5.95530518213081,-0.934692699014249,-3.40247646109583
,9,-8.19961396101144,-0.2232073042519,42.5910609273809,-0.926120701884429,-1.9277577110679,-1.12257520460071,1.2657172030963,3.28997660012737,-5.10613948169157,-0.654435517865295,1.42889390197706,-1.45348201796696,1.97488858891757,1.17476053842893,30.6650903859963,-0.216813720748178,4.76964484700875,58.1882858559393,49.3714384716692,-0.192263979672589,36.7583113911567,2.41870936103442,39.8661974494438,3.63117866939592,0.797724856246987,1.02293903011059,84.3491993073894,71.5575792138739,6.33429620527386,2.98707894140671,79.5040244015854,4.6923152652098,1.80229519981322,-3.18136053064427,1.57499933271629,2.08234629986828,4.12233063312669,0.062453857996843,2.87017881284964,3.3204678905231,2.77013287277259,80.6474470283383,0.0986937948437117,66.3282938867199,4.68039522275603,0.760121719600647,-1.16921513772968,-0.338745395009028,63.309121486358,1.36405414657975,0.32902362771938,18.5046548924697,-1.89566710844747,-0.831996372352478,4.55341959033012,-0.71606241696918,1.88369276232152,6.60383092734492,1.63557653392081,0.8079597208216,-3.82625186705991,-0.805743017284385,1.52173464619591,57.0105106141439,3.06950292436341,0.445739747583048,3.50358180064222,-0.057685726219006,2.47780627549764,-1.86391587844628,-0.245951680199141,2.37016082928221,-0.020806846493997,0.531402795605572,-4.14687799531748,2.7018848579678,3.25462468830528,0.61818825574619,0.992548325378266,-0.429700952412531,1.35384870376129,5.8587798536073,-2.23523256134513,-5.32929538324106,1.75115725152591,0.849949367684985,73.3039399835989,1.75019790437455,1.05738786597612,1.12942790248462,3.63327629498735,2.1357011949076,4.3216567872546,-0.00796428197418209,2.65011164628822,1.65682902168601
,10,-8.15914831456394,3.63580449552592,44.8417022978929,0.393604965315717,0.77819307997288,2.41288971029871,3.49853502938549,2.09400945873767,-0.447830419211186,2.42242527568214,2.41669681914073,1.55593797323309,-0.159142855128721,4.45436883623279,31.2380012582521,1.06406842523847,1.31828346455768,60.8079822377895,52.1325757790391,0.925470568707624,40.1630879732922,3.99042375503677,45.7801951080357,2.744362250015,-2.57971405079479,2.06184837013325,90.067887670165,72.4451652914913,6.78871378520398,2.05656827746088,83.0589949256514,5.91316727509002,0.275206971952684,3.44372047680099,0.141437095632227,0.0920961137421727,5.58466502713327,1.16637943125761,2.95381115659484,3.45063218915448,4.90399176966912,85.6312720469637,5.90552629792182,71.3362484148558,2.37556537550108,10.2228395162369,1.51117709838672,-0.760284689014952,65.1936378702597,4.00055813839572,3.39647053787212,6.88278027726119,-2.66009925953767,2.27773927166527,2.49556788932205,-1.26511946228811,5.86845077851058,2.65690957612333,-1.12994304657241,2.54685421608974,-2.07742189134206,2.42757727246817,-3.17650706572158,57.9104144066976,5.64437149777314,6.9252194213982,1.92519287400592,0.854630016824558,4.42316560958034,-1.20867091120044,-0.495621076028783,0.253510541996093,0.529011313497449,1.99812806026512,0.628438265432123,4.13690044921395,5.55097908758444,5.27521189203571,-0.573830126574194,2.61570492050032,2.82368306214812,5.49379631656302,-0.226902127169524,1.06515477592075,3.4351019945293,1.9106678000353,79.9239505594219,5.1491629806419,-5.92137757759383,2.46751548442217,0.968885887225952,3.92523397155401,2.01524187415725,-1.31571502936413,7.84466858441283,2.84413469617266
,11,-2.21870503286254,5.57796262886541,46.7910473460473,2.31360113163237,0.9374576461164,-0.235161808458543,1.95467972880897,2.73742377441886,4.78178329842012,4.7601011324291,3.87073163512741,4.50090464838377,4.12847668473842,1.66758896152896,33.6491817628465,2.37990845769764,4.32563933394886,60.6792958649476,55.3538076656499,6.05512289675517,41.9817485030247,6.41428863920601,49.6205348157279,6.51679858491707,2.64967971772512,1.38574571511708,92.8403183103023,75.6959739002077,7.35083331286569,4.84177896553911,92.9597229287806,5.07462090161607,0.722154250668609,-0.774524061721877,2.64449644994556,3.4810308707888,5.39483687193024,0.931128059358343,-0.13617048441165,4.10521425272282,6.73944902411267,90.2809736300273,5.78806381724735,76.443875835588,3.8160516080743,5.4749826798984,-2.07920399528757,-2.64751717093486,67.979904454739,-0.213139790552759,2.3591529820178,8.98905201926876,0.579027993541786,7.13016600349101,4.33095901634442,-1.40618894371164,1.27467337278858,5.66791171196382,3.81157933839086,5.04666756283223,-0.30562481620791,3.27569599105846,1.28126956423375,58.9428341971593,4.31850632797659,0.683290216663863,10.0954130038554,5.88035908048187,2.97012593198406,2.52791404099071,3.22077791094489,5.29987332021938,4.07977672839797,-0.642607055036024,2.29180311139044,0.985146287630414,3.7928970681005,2.06759427316865,-0.0650205915339939,2.8123647817456,2.16384948667564,1.78548152234907,3.32900304310124,2.1245174116907,0.378385010698366,7.68898700233467,82.7136604352463,3.34156268187007,2.09175437416616,0.757883372277774,2.97940231778739,0.218398693433301,0.13631924672427,-2.09528981331596,2.16565993924996,0.48820284050089
,12,-1.87073839652658,2.81761590957785,50.2187449206111,3.98895599715661,4.09951924463076,-0.613716786958321,4.07216324973069,3.90759517811466,2.98929699403379,5.68681531519269,-0.100849313315848,5.72577175788911,-0.392239070766664,1.89472668603275,34.1578260364317,2.77804991078938,5.95729235499948,63.6221213485737,56.6188029117285,4.46812309318329,46.2556817479476,9.48252720577466,55.1232994082428,5.7692426125468,6.1789842747994,7.13533598887807,97.2171441746796,81.4590350982435,7.95421202671741,3.71910310184921,92.4896461402086,11.4213205674287,-1.1302500200859,0.935897597595158,3.31274976088207,2.12461590898147,6.47719545307882,2.77257385243774,5.24882713667421,4.80650488646006,3.85637147875332,89.6136915344682,5.01669934083202,78.7785373026779,7.57366429685953,5.30529961855427,3.67702807688465,-1.92803056991215,69.3038797114209,7.7654695249521,7.91971609995335,9.86932066993253,0.0319460807163523,1.96176672808906,5.24884316748103,-0.957762940756311,3.87895467492035,4.45513919532186,4.67548059976116,3.87279269478904,3.70143399818289,6.74230588758201,5.02000896290019,58.6775685879607,4.51577443885571,3.49680802635294,5.92056285459194,4.59393191230447,8.02259456417414,3.25965491383113,4.35233967325075,2.15473356090752,5.38243151452434,-0.838921259695326,3.960731108863,0.0348120059411485,6.31400112474557,3.28209890512699,3.26661333100719,2.92627856224544,2.86048356454467,-0.263829831400471,2.06236860372428,2.03082171286133,4.7697671061137,3.11978510967128,86.2528806518412,4.09341969885645,-0.183291227957397,1.29031358858538,4.23235281964116,3.00302741514452,6.642783191744,5.41976131700358,9.94309500856434,5.2907873441809
,13,-4.00088042613288,8.01362877490283,51.9244396893315,3.14101318468693,5.40747394612526,3.43500988169308,2.64934160259827,4.12531069732177,5.04328341545806,6.99640632856972,1.04338684246568,8.00518532790738,1.7570280973905,-1.13956669945446,35.3620699414108,4.36409309945611,4.63589993005235,64.9314306415313,57.6595650319167,6.71567783064665,48.5676267130546,6.38783966141,57.4126712821571,7.92636876045253,3.1773720940414,4.03566416197236,95.8922919309616,80.2105834666945,6.54083782517955,-0.569098941161883,91.9385293827418,9.98707477504604,2.14993664430176,3.80789874148059,3.29472767657626,0.748365293796269,6.45145783415546,3.41824166034712,4.41732642770739,3.13200529290543,7.37946149547906,92.3021105298403,6.26373075270476,79.9061500430463,7.83322407344212,2.5914204912815,2.90792355749954,0.71503021634453,72.0749204469942,1.48242781895215,4.69158726553815,9.25774500510336,0.972848157144199,2.901319951608,7.57546872225385,5.99030009458329,2.66896433084094,8.74776077673232,4.75763393604575,2.25417681585714,4.5772027632338,6.66953370412693,2.57813930767634,59.2798762279025,4.94641599973647,3.86804496369268,9.32644346292818,3.19676586064134,6.97750032171734,3.32997022581094,5.30838841877085,3.51953195925216,3.44514065856265,-0.718432699688037,2.69404581435265,1.1263859474866,5.1780831907372,5.00652255246314,6.26984795303451,2.26902592213037,5.07067218080283,5.61599269236194,2.44699594906751,2.19863648085857,3.34738806244786,3.13531653438577,87.2670569681322,6.75156043855259,0.25814391669428,5.60980259307416,4.58073844684395,4.00522040115538,4.93428427146591,6.48459525417456,9.5979558249137,6.34383915010312
,14,1.82895849726674,4.76717302259476,53.618104782367,4.36408409226124,3.00709884475737,1.89182564489192,5.70192242476969,1.38769929932505,0.561512075911196,10.6583034617988,5.19164972095086,4.97097814302788,4.36776360030308,0.17105676911433,36.1961284225313,-0.528696156633941,3.81856170999072,65.6682737449014,57.2843816473972,2.56790334160405,50.8300976195427,4.47478208280972,61.280138628572,10.7463641118611,1.67313479571658,-0.674004198840066,98.7017009947499,82.0374863951429,7.76417029879576,0.360393694659251,94.0112006776253,5.61502167313938,-1.76222931677103,3.0412634446925,3.60739657087743,2.78301142498913,1.66918648854562,-0.442815547675309,1.62801558065394,0.965209200827758,6.73633216696453,96.1021105382952,8.2635999977324,80.4676711013522,7.65513305650711,2.4565433481107,1.44883705136726,-1.18362263848257,72.8286472695178,-0.631704763452035,2.62333253553697,8.98828854276265,0.546553556080653,3.24652588766685,5.5280415476509,0.854451123044328,0.433500720129814,7.52912618301707,2.7852329395364,2.11139405214317,0.236580312482602,7.71534917530153,2.03917092791562,61.2679424505571,2.87667575857358,1.89451476701015,7.86568248789627,4.07192576105854,5.92920928669901,-0.858844572367616,1.732323610403,4.97692740056027,2.67327243458976,-0.989935481517932,2.32085268194305,1.54629153137466,2.84290725669098,5.01596324438106,3.6180053085468,-0.416304972298349,-2.22430012290488,4.88128628969707,1.75778551157509,5.63906231630426,4.17946428834148,1.78762085056132,88.3275558941218,1.63465943141864,-1.22799576448688,6.26285477792408,4.97800953370552,3.74480775824759,7.76964384584653,3.29916728226499,10.8781428334132,5.56637283113605
,15,1.07623111173643,5.89708754203139,55.0440811161282,2.2785749226241,8.80077599799233,3.72921213764994,1.91703630646089,2.64392285675603,4.71743889469599,15.4554194452894,4.28790802211915,3.06292872262702,7.21158383180318,2.33176448617814,37.5709596448202,2.47956137935262,6.22847465492578,69.8630425644842,59.6003389048315,5.72206641875482,51.2519683018278,7.1021540146844,62.4213048387038,8.46005614789101,1.99875132703482,-0.790651466411873,100.967315578722,82.9477054230542,10.9039401593986,0.128317049418911,98.0528044134103,10.0743204869536,3.30563860134635,3.54768328064756,2.22362670731627,3.39405800186705,5.38933552157778,2.69052077052947,0.769621368007847,4.478841444095,10.1898023562185,98.6898028350674,3.54978494976194,81.99735082083,4.29607465301387,7.90550030996155,5.31352067426542,3.8771023444915,75.3433349770418,1.96088912830646,4.42856409437354,10.1100329428808,4.27048650667984,0.145279445213419,7.85165820066095,6.06456770417435,-3.6844311292889,8.22446777594996,9.78406683575486,9.41185061173564,4.89966411075648,1.97675525622526,6.23533022534139,62.8560347741116,3.13686261004113,3.75546169058589,6.90798328384471,5.09659681935818,1.95667521257565,4.93779920167708,1.62683942086369,1.52392492715899,7.72207503359778,-0.468020764792982,4.95125319390036,-0.451603003035871,3.98091843922975,6.04277998834004,6.8652684630697,2.4482189756668,2.96573448527397,1.50508651835162,5.4518274308175,4.84605869655707,1.48244238123152,-0.463169134445707,85.6419828975363,4.59141481548568,1.45914525171429,2.30146483235467,8.69638004893977,5.92509039784227,1.31873849217709,3.12108657231329,13.7585879861172,6.71447096995416
,16,0.0176663843958522,5.52132354413834,55.5997768347285,8.21181994731205,6.38039264196823,-0.749616099367813,9.18180408441231,3.35731548694639,7.23112511415547,11.4166558160719,6.26354388468599,5.53372124760836,0.442649632062512,-1.54522764766625,37.8433403411227,0.785279397679915,7.16196544536842,67.752291541191,60.1339372962508,4.39568343975088,53.0532197649717,4.70806023397108,65.2412573523463,9.6680910957798,2.71216007947169,0.389286166587226,100.346703220704,88.6825330654938,7.14651837549309,4.16361245245571,99.9030430379889,6.60621459101094,6.33815383753972,1.98467804839902,6.27395065667542,3.97350374388407,2.52259991654682,4.2291651614496,2.88300373418224,0.719732219657544,2.82213497463908,99.9813819278784,5.83773346852013,82.6931052991304,6.18912399025612,0.856845891585635,5.84020565611399,1.86536053119198,76.4738119405921,3.06768753147026,1.9837708566065,8.81409516661355,1.49504007747601,1.29892001326061,5.71421478566799,3.3766901361987,1.09561304144336,7.30940234773834,1.1728404490982,4.09636899879251,6.71696907871183,5.92775984996615,1.67032240223989,64.2760288069971,0.876462197669753,2.86721997674795,7.51525380093653,4.07474074248194,5.26151290636881,2.41407100035212,2.40163761052781,4.58759895470303,3.02569935014526,1.69781945386194,3.22205930532346,4.78932229730935,4.40645514696553,5.55919748339738,7.58485286787391,5.22718880157663,4.07347049908867,4.62418293683095,6.4136742654423,7.77681337860304,6.29432956589244,4.03288552278673,87.4205457822891,5.66212293789567,2.00635334471463,5.02477325124528,8.21283699510559,5.89820662616648,6.3612496003143,8.84560468968448,12.8682219755869,2.48311427555109
,17,3.56315099111134,3.75154203150578,55.5114961470264,6.03388671169478,6.01051901197161,2.3143382404387,5.99000199904731,2.32465417421099,5.56736728788565,12.5889316855796,6.72542464130856,8.54295969184841,4.63285203441319,-1.88259252266926,38.2926437678238,4.04930018721961,3.88433102310591,67.804180040443,61.48207403506,2.7364905090235,55.4230045581635,3.6332979022668,65.7564577263156,6.18109236842656,4.76686513382356,6.88716560541798,104.562423646499,85.9270956787768,3.52582885975426,0.821734703409675,100.700128644597,3.74343554613188,0.331063218670351,1.59872527581774,3.57711783029572,1.77769006792914,5.49671442741374,3.56667815399624,0.0381999746832662,-1.91929462509688,9.37959141507054,99.9512779129336,4.05804111948009,85.0193389826845,3.71490083575009,4.12340937126692,4.26462899635135,1.72937530422951,77.1660536438879,3.32311390278301,1.44581740679723,7.893669293653,5.68471913445001,2.31031747870611,6.01909064396477,2.94589560461282,0.659369450301256,3.86209429477231,4.5065549909782,2.38193762739411,-1.10169585798212,2.71345271149494,1.05552217346303,63.7900700264387,4.46059665729626,-1.46324313763171,6.73663375111482,3.7328728911998,3.60841622112594,5.20286704050113,3.41476024238364,4.42756839860022,3.83948282637584,-1.78587455460638,3.42067398930203,3.23188624035856,3.83805052390244,6.58303481199391,2.11383743317629,7.41870499808419,5.58016768030711,2.10407202055831,4.47530427915581,7.02400824636652,-0.566346435870855,2.49795222542798,86.5265926262941,2.31267624015527,4.2432894433191,5.98101967497041,5.23728635027965,3.87741602661436,6.88692514637023,0.258691552291111,12.881536455639,7.47062780886881
,18,4.24731656131144,5.83263532468709,55.3498571523105,10.1221379425574,4.88432648000935,2.16485661135721,5.97033611594225,2.16713172889877,4.19295538477536,11.1553559371287,4.53209753169767,8.44786713410303,2.82520082670271,0.503167674889482,38.8333955759823,2.13237233788914,4.55872877865022,69.3816515606418,61.6307526497919,1.28293390083763,58.207079971323,4.47726723106325,68.7271976741423,8.08961373883358,3.94719253113772,3.4909243095417,108.225730563149,83.9357708329017,7.84086654997554,4.62172753236291,101.731773424352,5.50084256728223,2.57718904601461,1.92561187245246,0.847966008822823,-0.487938844063592,4.83800916066184,3.24108536989979,-0.577305671388785,1.46564176012998,3.67221717986877,104.542558148951,1.24371878061675,87.0366715400223,6.51521908772838,3.04264180043492,3.49407748379463,4.17262127860067,76.5579355162957,0.489608432914793,6.05853171797298,6.08462514890577,-1.67466720765151,1.47183151997251,1.85738500937032,3.23751465399118,2.76777280325314,9.28187251170993,6.65691022926558,4.11686981966295,0.331187538302402,2.75067530755314,2.39846190969229,62.9706380287538,2.93129020760625,-0.0480367249274423,4.84697979248494,7.42266801350024,3.1171253286202,4.55445115017892,1.69226874210744,3.57277236252867,5.29158086298185,3.39105891386407,4.00509142911687,4.30787809193316,5.86322131448969,2.7366628320583,4.70564028175659,3.87618172068687,-0.895862181558641,0.215131448876491,6.9262047934908,4.54705463886921,3.90037763672717,2.8639121662859,86.7228915428104,4.24460041613929,2.48409880806094,9.2128150487647,6.35942747813715,2.22901243187607,4.4453270840304,8.32709330195576,11.4531522280745,7.12498289402765
,19,4.78885135130804,4.37408877752796,56.6770302039663,7.25278904492006,3.90299225619492,2.54043262439927,5.51449509617669,1.24312655026552,5.36600574984368,9.59692276543819,3.50309211332115,5.04172059945904,4.72251923085241,-1.71515876255899,40.0816229712706,-1.3024581053437,7.4445418105629,73.4797795683344,62.2322225681079,4.23342766768337,59.4606271772612,5.78670075157288,70.3544652302503,5.8350007025565,3.1430003924047,2.588219941224,107.325742242807,88.6178187398978,4.23865501337377,0.918552460390401,101.955916514054,4.87771115244004,2.02925977241557,2.88856045228658,4.24709807223007,-1.32295201663055,1.86580616891888,0.442874436942475,-6.15739275843362,-0.645974139525606,3.00470476741293,100.49542869637,1.46160965847957,89.0870418881871,4.8289446457743,-1.80744333919938,2.70956398699218,2.31134977325337,75.9605213954254,1.07790782798656,-0.244316356814124,5.98342619752384,2.02702173843136,0.29796120305582,4.65117711556695,-2.47454919569736,3.36232472331676,6.70795498171719,3.90798872859295,3.58504790226243,3.26199225560322,0.712579185165396,5.63610022838293,63.0487972447362,0.726386952756002,7.39944939244606,1.86020347748627,5.82213228280943,0.345676215114963,0.613847599963719,1.99077706797743,0.6679190474606,0.494914997397245,1.02529807712745,0.582934197130271,0.204078353521254,-0.506977488493703,0.456392801710081,0.762079884690593,4.57703867207192,2.58757002577204,4.73630485757485,4.35354754439368,7.38566404537505,3.05055618840333,-2.18320564014266,90.1296674240007,2.00705349522195,-0.797494975766767,0.0729403379273208,2.40206940775352,2.62642746736219,3.76401768516826,3.51775168554741,10.2025592441273,0.802678753268083
,20,3.13770944669659,1.89128626870979,58.8931913140603,1.86393860690487,6.2017544697087,-1.3714875243304,2.84747067622629,1.64867327683214,4.30798747223434,13.042950554513,2.75545553544998,6.32923768022602,2.03600327787399,-6.05372259328078,41.5020866719018,3.04505023674983,1.82286865826336,70.9377665848469,62.8772748997399,1.80937415143399,61.5940104881909,6.80872490761294,72.5400472737057,8.60601508205855,2.67228116996102,-3.05822199523391,108.374031322759,89.5786953960487,2.97671036383417,0.225296988990976,105.400230852512,1.13288682250777,1.92334458104187,2.90912841236241,-0.563320656570795,2.81979199615671,5.82738930218375,2.55446025429637,0.032839138217696,-2.50522795305415,4.02310453253358,107.598795008046,6.43048099112002,88.6839873101738,1.20198360848735,1.10603998316992,4.32661470640096,2.54614995792645,76.142869409906,2.19138063384071,1.83749667802294,6.0742347936263,-2.85770019417032,4.2475835346022,4.39026460009063,-4.195848731772,-0.539643981391691,2.68504781833371,2.49949103550671,4.12219214799507,3.46852490489437,2.65054480950857,3.40977304160378,64.1580873963206,0.185679254948354,2.90970721243775,5.90548857801423,2.01635127332656,1.41238945493842,4.54745332144421,-0.0500148780956806,5.18197963825014,3.95772148919878,-2.20518960429354,2.04033078745533,4.60329393178472,-1.14346814153942,2.71280303070944,1.47191551156266,-0.112220914306818,1.3053336363032,3.43823787030215,-0.627616378079438,2.33959909980558,1.83567429383038,0.787248788537454,89.048716248396,5.61671920836261,1.67156300879651,3.78023535712009,3.90177262361931,2.21181347254787,3.55327507249058,3.13279108698134,12.3906502652303,3.45051907726474
,21,3.44673555622376,3.35857924750235,61.3188080554645,2.05865451928776,9.87683533883865,6.94128922818345,6.51059701778786,-3.00591321530965,8.2686022299813,12.3668937793018,7.59775121836174,2.32850063669093,3.48995143322281,-0.806431827343658,41.4943536125459,5.42681530432856,7.45380970765427,74.1356928453956,64.0689684117153,3.63754075196721,63.9838528462181,4.26457420644829,73.472064254045,7.06831614190196,5.70164344548084,5.10661027873857,110.238691941174,93.8010860700979,0.765415198511164,3.89830842894571,108.989914960564,4.02968424949677,1.4992067023386,5.82763298050577,3.41181147706584,-0.282702698586036,5.0463761166111,0.708383125348519,-0.224164780929641,0.383988351206426,4.57567483778666,101.609944271484,2.14385193733597,89.4227066759589,4.63822925340992,3.10404696697424,6.41850795901064,6.45515862091679,76.6378305321829,2.25729916719683,5.81962176708976,6.26385440061676,1.8680971842341,2.303268601338,2.38605308876959,1.16076606347269,3.28254790235269,4.60028305394508,2.49781762481689,2.52324973285477,3.5899566660546,5.70224203235466,5.79180904732175,65.1281278443274,0.438055638578589,2.34125656723609,-0.463238837156496,4.54152274513081,6.22574913606695,3.83042332902687,2.4042595647029,6.7955986196439,3.75068541018709,0.998130942098669,0.796716325966372,1.96339264250764,1.41914917274698,1.68359468006838,3.07218869608096,2.97064368223118,4.36453914184176,6.65200058030769,-0.920261833956829,3.48897811660754,3.46215683980518,-0.206153610156889,88.8041548490369,1.58931164493288,2.20347044898472,4.55469888613516,5.08535787052506,4.41611391391007,5.19955854226009,1.96517350321665,12.3567395801865,7.00013763217339
,22,2.65054752480455,4.91876241024102,62.7112790262706,5.3076612854893,7.73411376686272,7.13815178527966,4.34865400567924,2.75421479905617,6.7000001905717,9.4675772032756,5.33928672415368,4.24113737608741,5.28369339393976,2.5451952078447,42.499371051562,3.532441511039,4.45728703030227,79.4789950628524,65.4198604467792,6.83038891335173,67.3091591134432,4.94033632885794,74.0579335597201,5.71425278267679,3.54164247574363,1.65965559741517,111.413622750463,94.389421550421,5.91138360782861,5.95088912814026,109.314397888576,-0.714766960689758,5.70960845914624,5.02976245873924,2.56362607894334,5.83059142825505,2.99872975965081,1.18443214473155,2.65585129808278,-2.39502935123483,6.5663335344957,106.212436149008,3.73579953036915,89.6805279139232,5.00189853366737,2.41528520719703,10.4340980273132,6.81287875541238,75.7116734871897,3.0351047995714,4.54549539879054,6.82311704406675,0.0037233351777104,5.77546614255789,8.95861319248752,1.38726129241832,-0.0310967339073613,7.2908873366755,5.47826914759571,8.7554169863788,4.88494186912476,0.984439428124915,3.27775658167184,66.649025043824,1.30217364982855,5.87172678479874,7.24250367215927,6.73283954709268,4.69767522655502,2.62831559822325,5.5517954949928,7.33168118868889,-2.74213076641036,3.55613641196078,4.55840596564576,2.36558845892341,3.36219884290813,5.02493743412151,3.59978227062356,6.75379029276519,6.21087744146371,4.14783387324223,7.31685078305736,4.03345938655502,-0.509814257797188,-1.66523223291097,94.4110146083608,5.00620426011983,1.927342620118,2.86144830070998,4.98361660662522,4.31259079125448,2.3210417680184,6.2885345060663,15.103137925405,2.27768453698172
,23,5.44483531712694,2.67890797009522,62.2842149185387,5.02307513194182,4.24100929172982,9.35855321556028,4.4277465377213,2.58437602199092,3.86891432446009,8.78246093307826,0.233185100456012,3.47635171206821,3.05822192603591,2.33749196287317,41.7184301045903,3.71846003996734,2.46572081253453,78.0463508806351,66.5124930474221,-1.76910298142047,69.0790786076535,0.288371200583697,75.3360887874495,5.12677483429025,0.589775327388907,1.50427483638441,112.877783899085,91.2672913404008,3.24068060060199,2.84539772664493,106.902704483958,2.22509348370522,0.304298445963013,2.38994773549848,-1.01119077897101,-1.46182997626738,5.04832557652708,-0.343527484720653,0.397830043715203,1.37524120041826,3.51461324348475,107.572051062445,2.60304266087996,91.5560045926403,1.42944957291047,1.92539246656361,6.60209501013833,2.81651204625587,76.2509730268994,4.10622660801619,4.06199383037119,5.70740858982845,0.0848245375459555,3.95824390709822,4.38084427785589,2.4898611059084,0.278479908166446,2.83431043016026,1.08622408810334,1.7800694775483,2.53357547298947,1.30265173483076,1.89690817287874,67.3267059176836,-4.83859129494249,5.27280800164999,1.58287106988837,3.65874123126878,0.987912529073128,4.83446545955439,0.656182583984901,2.2638232890863,5.16613036307217,1.17754588598746,2.64373631511489,4.08177365413121,2.17874604222197,3.20787238224057,1.26206711327541,3.03086215833719,1.45881748325883,0.272895198959304,2.41491278962712,4.5470670746854,-2.07132185258843,-1.57178984160691,94.2229439759635,1.64960801632515,3.6024359365374,3.56533244186767,2.92272807651671,2.5846085465555,3.01322649811527,2.04955637207195,7.31471148827904,1.35004995031977
,24,5.02167994103638,5.97995016340201,62.7271303673442,5.09760478182716,3.45856508134329,5.57245808517519,1.25564406472631,0.596401665608028,5.39107971835938,7.42540912764798,3.71428990025152,6.84864347238681,7.866203582043,2.01002145823168,41.3326362217767,1.48131159852892,0.193396433844555,78.8232690860045,66.2626806624406,3.97784658972023,69.3386916033752,6.07876399545057,75.7316836355608,5.13128989757979,2.59898524857363,5.1040886694077,114.051942110283,96.4078826674458,3.92769303560272,2.52968300955126,111.667587140148,3.31287182450114,0.492722520935786,6.10055664192532,4.42610232708284,2.31450786823325,1.2373178517546,2.45475680575919,2.1262101280613,2.87932621541995,3.96227264192476,111.75837124018,6.3854348607224,91.5914865409989,0.178471290589641,-2.0080866293124,9.38763615774087,3.60429048949391,75.5599039676728,2.27857147573786,4.83793184440356,5.76468702578177,0.248517279159387,7.41005828855396,6.5483721725418,2.7615232163007,1.37894322211969,2.23647062496366,3.01539382065266,4.34441285847015,3.03487438780621,0.703597304729556,-0.953332952355595,68.5640862134267,-0.273218042814733,4.20909972244772,4.54614815535251,1.81958748751686,0.000925175142583612,3.77773800008936,2.91379081164268,1.42551052894851,-1.68161681176161,0.562456598803692,3.68805012638268,5.19743770244122,3.70210845247175,4.09788851562098,2.88945203980711,0.486709230615816,1.76695047169551,3.99336002163045,1.72618263370532,0.979342684478979,-1.33920288907302,-1.5584989532681,94.731780786532,0.222985117849476,2.67265618062129,3.38892933859415,4.95756701261735,5.55292776858869,1.82333916369998,4.12585332121625,6.83010594373491,-3.90907533101972
,25,3.86947276007959,1.20861716915397,63.859599090141,0.730943762293009,6.01936154100167,2.84643140496428,2.2879995369517,1.28393519064684,3.68812305521124,8.7010869772289,0.424786185710673,6.67065048602944,3.40092617956589,-1.06170151091737,40.6021390966844,5.12852002541695,2.73126020959035,76.8647998265214,66.0751852605357,0.657355235786326,71.2706163011406,2.68395745694625,76.6846844794015,3.26219222483269,2.34432178176439,1.69077841567423,113.902476837892,92.9703409943768,-2.40155551946464,4.85002363283957,114.595882026628,3.35178548479371,-0.546938953576955,2.18855324460856,1.27547477678854,-2.71252514836397,-1.39855725527741,-1.09553248851626,2.68070325508779,0.214342519785077,0.531730114058519,115.662493704393,0.252082756737764,92.3550161248302,-3.09267955436917,1.01790232415351,6.15849262026586,5.0889266900158,78.8446939709805,-0.185815931184152,5.24492986925179,5.12528752528639,2.09507757184065,-0.134390731261647,-2.03628879177131,3.01819186004514,-0.488667549951515,4.95059157624519,5.21973067223917,1.69273972158908,0.903218716238825,4.0200406932986,3.08072921767052,69.10195315218,-1.52205623242298,3.20278270538802,-2.24219268663046,2.92009564124555,-0.103434044313872,0.673650418018042,1.84433533807942,5.53055493410238,0.557476827410937,1.14117339204859,-0.556425557778311,2.5134582996352,1.09727751640094,3.97024385460963,1.76613962174133,0.838715724162284,1.52930907923792,2.63457746428185,0.0200269609977113,1.89110484180674,1.07644702888228,1.3743258843333,94.5830366450869,2.35093160319821,1.36844640266645,1.1578661094336,6.94641074048423,4.48254264260095,-2.59305484964489,-1.6871951785065,5.4962885511668,-0.907265786667267
,26,3.76722198669177,3.47099770526802,65.3090183903954,5.2809931587085,3.43329124684988,6.96372249968499,2.34564457488568,0.0417971958959242,5.66888654474633,5.84311171875743,2.65784248822683,3.47792725977934,2.04087710166414,-0.00484023861781679,41.785702919247,3.3009612922524,4.35388463062009,79.4878353471513,66.2041829987849,5.27106077751114,71.5550618904094,3.46553340724904,76.4701307426247,0.630262022380975,3.98623767986965,-1.44925506024629,117.526208122723,97.475566946825,2.07879544803382,2.30960279169994,112.720785480448,4.89213700242362,3.68334977170025,2.52222582856984,1.71718703032275,-1.01203925109803,2.24884880608852,2.37822106017211,4.9703221831578,-1.42394824166331,4.55387898513618,114.213129009162,4.20016107184892,93.2095490631044,2.6368133537876,1.82802671667514,2.35113682674501,3.30286360300852,78.0986428580181,5.15258884492187,4.48550755516908,3.72560724702604,2.75425089174132,5.41501971685875,2.3700286960875,0.641957061630819,-0.365129248182711,2.84297592472421,3.39774331270337,2.62475953889907,4.02386537843313,1.60836318660176,1.68004955151082,69.1310841386183,-2.30644374239955,4.66548622676419,2.94393326615409,7.0840245741947,2.42020073908998,2.29889469150748,4.40862735204155,4.82673852546304,2.37430432130759,6.0120141534353,3.07325887015531,2.04645853391412,-0.90276313665936,5.88080972211264,-0.00950098582279679,3.54728550226628,6.79128315150683,6.46645752007362,5.87569891915109,5.20418419614225,3.94835334411073,1.8107283231152,95.467181803288,3.93883401933635,5.60031007841189,-0.0937966157152914,3.81477447704674,5.19268963234026,3.25335368542073,2.97285255372981,8.48258991074499,3.58711822608075
,27,2.29847289333065,0.77778290325432,64.3673516552584,2.22319955169451,0.490428414619146,-0.233780708696486,4.98744868172435,-4.19548966725506,-0.464307542625193,3.60423789311335,3.123864700181,3.56596179643611,-1.7735187262233,3.31816294623695,43.2998990550377,2.06553617195141,-1.4990469747645,79.9106365931798,67.5113677605189,0.495307063653854,73.6837091132143,-2.27825560586416,78.557413564761,-1.66127307618763,0.761822440627384,1.42946112772051,120.253655169979,92.6455589612488,-0.509994459435347,-1.04326042403409,112.279536813318,3.03164730957133,0.707631490929543,2.61399411598222,-1.90712785941469,-2.60029255636664,3.11148595058194,0.807721082496755,0.721020872053032,1.04039108135976,0.648563881686187,115.459737327566,-0.0625471312418995,95.8603899769044,2.25033242386962,-1.43054582919103,4.66092577671816,4.07882055346408,80.5390401323149,-0.401113517077647,1.22526794804753,1.16433745006892,2.5403141580714,-1.97653975919593,3.63575379945996,0.786842167463874,-5.20456391278867,0.0575861339198127,1.75912527873743,1.24841966760641,1.11190370002714,-0.779025250863469,1.65525322895155,70.8081105568619,-0.755998510293466,2.64787813647081,-0.335671459206878,4.20882475573671,2.21173992756712,-0.569882443181086,-2.23139543945672,0.636728574841527,-2.21107526324477,-0.542827513900193,-1.48916294383662,0.943701863457136,1.96207221072927,2.95223857540395,-1.99753102169052,2.8413607737798,2.88019061541445,1.12909525508621,0.532158873518256,2.81932700506877,0.559448790337228,-1.05193961343912,96.1286248555361,0.073246288896371,1.22949692095563,-2.89269925127155,2.44124537632342,-0.148940706783378,-0.972163868880216,-1.18080910524895,2.47322338242066,1.33955808517385
,28,2.90681064753335,0.321233038723221,64.3841088574665,0.614147684291765,-0.000703549154422944,4.16920525841897,2.65776417945381,1.05821844179218,3.01988968104615,1.13070833495021,0.413426761556366,3.6733569020671,-0.0184817465828928,-1.61082078128902,43.9566912207324,1.6850937528402,-0.146177801027079,80.3693070807326,68.6778911616058,3.05118265357532,72.8365922707718,0.153089644913507,79.2309066622923,-0.63113452532798,1.51564546234658,-0.856758751129746,120.332165178769,95.9272356467172,2.55624972753594,0.704395143504371,115.913053234367,1.02557255800548,1.33364482239494,4.51019620157194,4.02126295935386,1.77316231154555,1.01549221098912,-1.19714043688737,0.62578533317901,-2.7202169227894,2.56733252227696,118.522712923338,4.93591274252185,97.5984717219637,5.26580842645808,-2.10354644663266,-1.24424668778647,-0.0702535224309031,79.8682639226504,1.66544993737853,1.2736031190625,-0.185662674178881,1.55702154632672,6.13145116100941,1.45717754371526,-0.165818234371272,0.569521853037713,3.49618969862968,1.38342885644488,0.266555437590341,0.899187070021981,-2.23680754219231,2.48159616030853,71.312665097849,2.4246612183606,7.29432845136489,1.54889080087287,2.72606355895277,2.40100627914762,0.338710926099793,1.61687555599201,2.5815545720684,-2.68332369695008,3.26078984297146,3.17720048745832,1.01957894134739,0.554917386773013,0.43723915397868,4.18040733752196,-1.37810334447204,1.97780030752801,1.87221804659293,5.88702855094016,-1.0086015302586,2.95695828973248,2.50750038070419,99.6613952354687,-0.976807037020535,4.20237130582473,-1.51879827711718,2.45812465891549,3.95363963776344,2.52347979637898,2.91596218229461,5.8680652759117,0.180441842710934
,29,1.76560538310559,0.123439145262182,65.3066093104245,3.26927679817436,-0.2649755997395,1.68771853468934,-2.70617170692185,-3.13030871477486,3.45832523673153,1.01490516528975,-0.975999146488903,2.06484267669566,1.30684486451037,-2.22957684995254,43.7654494297502,2.5330158527936,-3.51113101180317,82.396544401387,70.9041569595168,-3.92643157474959,75.7720243466983,-1.35990753414671,81.1664990009852,2.38806040232157,0.73749558533973,-0.800666927573275,120.591950001779,95.4592046369503,-1.09969536693325,5.43656751878461,114.551545500598,-2.58777226819939,-0.378786466990732,0.597379034545611,-1.54058419139756,1.07338621422923,1.39112061443711,-2.81243965710428,-4.32070793465164,-0.804521414542705,1.13149852258175,114.850272540863,-3.4873210147889,98.7457680102095,1.90132846943834,-0.278986253990752,1.57312302537184,2.87507692892996,83.0347181783436,-1.19944646579052,-0.535469862824357,0.874443849164436,1.77607378216408,1.2087238064255,1.17955796348087,1.43033697444298,-0.308482233211635,0.817475002936135,5.74014472593217,0.0612469839252299,-2.20466653878748,1.36628093314266,-0.0444591519990354,71.4500929337205,-1.14490233075821,-1.76446602049828,1.43247399069878,1.27514225201003,2.60376580406955,1.85521773246182,1.78704327522519,3.23204280154914,-0.932632666876088,3.60008894281145,-1.9029754155008,-3.51389583868831,-2.04090095809124,1.6479173219509,1.66249343697882,0.489831435673295,0.124318521817258,-1.80930925219263,2.94731501000979,2.13221459670376,-1.0858582160181,1.11028574684133,99.6426682975807,-0.399240432397164,1.67552501327691,-0.18437868551564,0.992174914896168,2.49007607170961,-1.36769678583914,0.576527764087587,2.54514247594943,3.44973372228515
,30,1.09030166910361,0.0715059073068005,66.2051074827912,3.74699625840594,-0.604864858725705,2.82233529267569,3.39124905551216,-2.30565740609109,1.83988030924911,3.11537918899876,2.48984814638152,1.28743877746274,3.99451780062145,0.868357493495751,43.4314060176066,5.78930414117258,1.74938027567168,83.3035506628116,72.3395013727677,3.12531887884779,75.0798230124306,2.29977350569106,80.352076082052,0.149639345935611,1.02741772443369,1.80412503366961,122.601146133132,98.7759113238417,-0.7107854857436,-0.884249431808257,117.028414916154,2.31339865225982,3.85699850262472,-0.927233289805827,1.22354677522526,-2.9068815007181,-0.555060505912479,-0.516566773979775,0.177475737092209,-0.0382961623686242,1.44930747018179,125.128593670919,3.35594810386783,99.0965275381104,-2.198641362339,2.23689957625993,6.92030373719899,-1.32721522920974,84.5710384932239,4.37485414259936,-1.18376459941373,1.33781443221642,3.73126841489693,3.2163182697891,2.20107798940899,5.24138632371751,0.635544563608619,1.93270144476674,1.46316730378658,0.882468382605111,4.45200341066129,1.29586243613267,1.79866231837241,69.5386627508824,3.31493597092913,4.32857811307485,-1.28670483836004,6.08756542456922,-0.265130793241951,1.66120421647156,2.48016386935888,2.07933757258979,-0.931368321712398,-2.31390825877816,0.072264718203769,1.82938639395252,-3.96046673327419,4.23535322001544,-0.380538094864278,3.06853742387648,2.4324933751891,-3.22775518213484,4.42436738747847,1.6993758128765,5.18785423723784,-1.66112773617942,99.7040326903789,-0.69705003946865,1.33291934972112,3.69420619725179,6.60750228180314,1.46577826422481,1.6978577287141,2.50901254681139,-0.474877936879693,0.959410886282512
,31,1.01333674951275,-1.54692427164991,65.6859347396808,-0.627933225141533,-1.81442478148256,0.594985616492067,2.18420081420663,5.58647839594369,-1.0265664821045,1.0243871032053,-0.396267007060942,4.11891618521895,-1.78662056607436,0.387453442699098,43.6978642585668,-0.719140353740386,1.44731398593512,82.5583647003023,74.1231772433236,1.59388157877356,76.0415572988686,-1.25031727816804,81.428245301558,-1.32581560208746,-0.459782038719368,-0.212987788637747,119.237064753068,102.519264168743,-2.90283962050808,-0.950317407514376,118.452908869284,0.502600285818517,1.64788925707307,-2.26170600689238,0.00413181450448974,-0.759988583808081,-4.70951848754294,-2.10016791387898,-0.724578276842749,-3.07885886217628,-1.93026432113902,125.147741467482,-0.0788103240493001,99.2568923799325,0.358174796232106,2.06827242464988,5.91643632517162,1.06408205919206,85.326680628239,-0.943595389071106,-0.967967401909846,0.479447599299419,-0.647912339180948,-1.49305536416114,0.997422524328613,4.54228044337469,-3.4169511097607,-0.866081555346227,3.30579553932967,0.329285256439562,0.251651770665376,1.58828898203546,1.53136811771446,68.4721421884378,-2.43190423416991,2.86365449858704,-0.15325850307363,-1.37644046724063,-1.98432118412438,-0.747546428368423,0.354780864229724,0.268492940283977,-1.65709532545316,-3.74907566410184,1.57992748621291,0.145602985206096,1.64862566893999,-0.10089726467686,3.7576875915056,2.89682117959364,0.0455958827378709,0.0771036058354184,1.05002534829964,-1.92978055960702,0.628900861097009,-0.454315001148643,100.204093482424,-2.84474773619013,0.148382452421174,2.23901491055904,1.01090664852336,-1.57861837704149,2.23879781023834,0.559861798931706,-2.30033407434803,-1.32614663108825
,32,1.61269118844484,-3.22856680612995,65.3981480552813,-4.2183380230972,-1.41591235919441,-2.24702104196604,-1.03013088901071,1.07025059499983,0.907689843714707,-1.07254438965447,-2.55444858941928,-3.70479084025055,0.737738945506408,-1.50416906065402,44.4095669870517,-0.763135502349542,2.81469583305898,87.126390734903,74.4373470147537,-0.152570525161082,75.3822199279768,-3.72069091055027,81.011743386267,-4.80059270722359,1.78523254288029,-0.0763761844286819,118.681374219351,97.8709949224644,0.605719635025253,0.300604120752723,117.826523632795,3.15154696032187,-1.68303014315143,2.61631611503481,0.704053053612824,1.14228955438966,-1.88736994534656,0.655313354784084,-0.408897461064953,1.23360298095486,-3.9447813054062,120.266603799939,-2.57807420074141,101.208839121661,1.46739027526883,2.492042299682,2.21458061531848,2.25947676401302,84.3728140850549,-2.32680255742525,2.13554378240451,-1.18394501521288,-2.03485371783881,-2.47388325100655,-0.373896842104841,-3.21700484354096,-1.66426358311764,-3.60795336207821,-0.259926198479661,0.253626766574598,-1.06545287876725,-3.86799658597147,-1.11324355067245,68.8561678549543,-1.59913818800351,-1.39877331851449,-0.780713418792857,3.26314903557432,2.01124191590861,0.67296395786525,-1.26973550180537,-2.94627049312885,-0.103494127057729,-0.337404035250984,-0.15709282801572,-0.950785835364059,-4.078084628135,0.828357341059473,0.748496038270787,5.24682835278463,-3.80875571374645,-6.53907773912169,-3.32407874294677,-1.06402150560371,3.76851344547413,-3.82843278619248,102.358064291687,-0.359008539060596,0.363239081034862,-2.23619523713205,-4.60703984309885,-3.68563980742147,1.96545273043967,-0.0603449894933874,-2.14273570250953,-0.22934003880755
,33,-0.183493041925431,3.41503633925095,66.1316846525713,-0.602702261845025,-0.711298434935088,0.48052958932567,-4.4334564705614,0.727982188310762,1.65728564201208,0.641838606110014,-1.96899713216453,-0.453231206043711,-2.21769965362591,-1.12220313169883,44.0449879076218,-0.496253821243954,-1.20769107737851,86.0376588774297,74.9636879682136,-1.46641736002493,77.3208264683247,-0.531030795800234,80.5631015834244,-1.23420744904752,-3.13806108619929,0.576760723492043,122.027232230826,102.653949913799,-0.905349795072652,0.993665258059991,120.125750797736,-0.822403030072564,1.89896988412102,-3.12912261025622,-0.673274541143201,4.01528723777847,-0.936826083570395,0.741244129899769,1.2288630044859,0.526373744442935,0.403274274942305,122.331149859139,-1.42237032449611,103.032676087822,-1.55750252812459,0.296336276219336,-1.78862236645364,3.09282613341611,83.4657958416195,-1.01906316723398,-3.24703131733668,-4.35932518392368,0.39617284947235,1.26268605721361,-0.972119270031726,0.190448057191588,-1.90169265881013,1.08078937688424,-0.429872813193015,-1.00794058039401,0.61078180643517,2.36366004030378,-1.25936663948596,68.310907163382,1.32049808710599,1.25082291783156,-2.6617320547025,0.618570127340718,-1.56184468564334,-0.825938309798403,-1.47677975807665,-0.0804820676826239,-2.4152502347747,4.77658308939772,0.765389924113151,1.0999378077081,0.110630220733128,-1.26674998737417,-0.573574946016834,-2.91679962881744,-2.53212818835709,1.41348403968777,-2.36813280405431,-4.01313185881736,-1.03664559458684,-0.859247926862736,104.394731253003,0.53323353304495,0.210011265749472,-0.932993515573799,-2.12199823395758,-1.87506236588752,-1.60183892955592,0.0111072704216895,-4.53873681842197,3.3318139531425
,34,0.628316052079299,-3.58952901179509,67.5136597429732,-2.09781688873954,-4.35624558750715,-2.80106786515807,-0.602396481364849,1.30851376779447,-2.00598930240449,-6.00171620780156,-3.74289674321199,-3.58496074330014,-0.416808198142462,-1.75854339500302,42.7106710647856,-1.12496341909628,-2.26653818872046,84.2286852153757,75.7164726358931,2.45734487409845,78.4382069312928,-2.54996776198232,80.1519867284471,-3.77241470375566,2.53396688965313,-2.00614242666688,122.413510372714,97.5804031034677,-1.55447037235308,1.60558275081212,121.465184619013,-3.11983513362247,1.51270716126737,-2.22930629547,1.50602368905675,-2.01300351673854,-5.07398256732949,-0.978818275659251,-1.72914960148864,0.302505472934627,-3.00524337656861,125.869828933034,-2.57027546206155,103.486031745603,-0.990170890971967,0.147908201356586,0.364291697324461,-2.60000645923128,84.1689743615758,0.716794555688011,-1.44839986740635,-5.49166026450272,-1.00204820874569,-1.82229114196616,-0.766438376189853,-0.192225866576791,0.633101396327675,-4.2918796205272,-4.84788980439544,-2.76483003398607,-1.77118432985162,-0.219897541409409,-3.48200752721414,69.1676594433491,0.0736494580014551,-2.66475660195374,-1.83609486829482,1.77816546800341,-0.347192659931807,-2.45374567803583,0.840855724754874,-1.58431285077586,-2.44651673454746,-1.21306210266039,1.19816842789669,0.115806152689402,1.02126168339055,1.24263791981275,-1.04377501863974,-0.549368780808436,0.397413736713588,-1.74100995412346,-0.250200384368327,-2.05447900099762,0.89649070639507,0.956737864167735,103.318520697106,-0.692625412890266,1.7928726748205,-2.85743811226121,-3.00736806822488,-0.0725724529133913,1.31581638625539,-0.873155245997623,-4.03132678384009,-1.426093269577
,35,-7.61024006926027,-5.14045438274024,67.6535887558631,-1.6657620390497,-4.00182033393685,-4.45469648695371,-2.48425318086993,-0.304671295484695,-4.35800191711041,-4.69655291050594,-5.11397322500579,-2.37800085096569,-3.44729729153732,0.859871884817039,40.4711871420495,-1.42400765909633,-4.00194194600454,89.3673280266544,76.0193871338364,-1.95568997314786,78.7251241844697,0.765053569199608,80.2219467246146,-6.80716024971616,-0.500093202193057,-2.72754291547699,122.088201425618,99.1869083130259,-4.18971364808976,0.882363281496509,124.166585361689,-1.15689608361208,3.26602039816498,-1.15009914425991,-0.922455193886435,0.341961389352036,-0.583065383722897,-2.90995027377949,3.54157861620843,0.692229903610041,-3.85046940164966,121.461931287966,-5.29022613790585,102.985103086289,-1.08082954926431,-0.718551215670232,-7.49825856848884,-2.32735780358371,85.7425655109564,-2.61033464735419,-1.37740762977364,-5.42262906705158,2.14647134490633,-3.76392283643008,-0.897376883648121,0.943146500158036,0.680178536515996,-5.64923851283947,-4.18554955746868,1.37530979054691,-5.33446510134263,-4.48997789211489,-1.81337438554101,70.914502639151,-1.59002154063182,-6.4486866174675,-2.55714078755864,-1.78298466348997,-0.645103340472815,-2.07689742416824,-0.321406808310257,-1.7416712448744,-2.84709304440639,0.885240256799534,-0.441322290783319,-0.946173749697664,-1.16749117292102,-0.798122248756954,-0.755723205864342,-2.56344000301897,-1.93719218321075,-1.23739557338331,-3.74205451002763,-1.23662499473267,1.25814581266286,-2.43248933978566,106.613111076733,1.24215961863138,-1.22858036965317,-0.344216699804292,-2.55060282526301,-0.849877197018031,-1.13507374672827,-0.443083210955137,-4.19648527250138,-1.56218803902993
,36,3.48609936758248,-2.05044186494024,68.7623449173628,-2.55575161032175,-0.672295091484102,0.466432270133737,-2.23827451865191,-0.815339744516677,-2.5129530617719,-4.85331130861596,-2.39335087289373,-2.44980605427554,-3.28270821827482,1.75468636601272,40.7918422906478,-2.79582333442841,-1.10176512986436,86.8762654342827,77.0515134734004,-1.84174053908009,79.9077140849759,-2.17714391822119,81.5840834823537,-0.774421273466032,-2.68856332581163,0.525958001899198,126.142317499476,104.168624915033,2.06476411263657,-3.44357145262711,125.017398035672,-1.86096000401221,4.62479064422405,-4.57782435276249,-3.31707310566526,-5.78771664157648,0.361285388713895,1.87623450456385,-1.46140987953913,1.91561874178342,-2.00433215438989,127.539444578835,2.23517498575848,101.294669873936,-2.3020328664561,0.0111546995012759,-4.81806382158584,-2.43565129792569,86.9621870739532,-3.29820460451128,0.124070755067805,-4.24203646593151,-0.135106454313245,-2.73789311108203,-5.27204787525852,1.03377614584815,0.362963819318338,0.330672009068621,-1.09108373713798,0.23691131751275,-2.28748529901804,1.74004865458392,-0.436177950117781,73.4078889567669,-1.42848232292909,-3.03993908300208,-4.89541295558183,-4.97864061883593,-1.92830554121792,-2.99649672198984,3.01455744415762,0.287774443445869,-2.73246434405382,-0.464954035399387,1.31482762901351,-6.21505841404723,-1.01536420656839,-6.04493146068626,-0.234094223333614,-1.45216931297546,-2.89458136414169,1.99021076476538,-0.431972075390604,0.0641811319487715,1.16124411082546,2.42855240848758,105.625107735894,0.552387846944384,-3.24088916000801,-2.05277266110079,-3.49140064197309,-2.60370052993585,-2.13577368712868,1.01181627225151,-4.71801729129083,-0.399598078796316
,37,-6.86124116734118,-4.21949830169115,69.2582133707151,-4.69313992582784,-0.682262269559487,-4.76681120361536,0.949935083532182,-0.540055383488379,-5.6334013560504,-8.48387656777049,-6.18818567188328,-6.58849119755178,-1.29939201430761,1.20040657704021,41.2263360785732,-2.67929334632254,-2.29581761739155,92.3108033173953,78.9534474033547,0.199927093425686,82.1151450934293,-2.31131523763406,82.554178671769,-1.28509977188787,-2.37731537478658,-0.967274847460885,123.030023249882,105.562250777367,-3.52559923067747,-2.63309205325186,125.140806096852,-2.48276589755324,-2.0454383197407,-1.39594061878552,-0.904968793842727,0.526973208849995,-1.42850694349954,-4.23733660688731,1.89477583507369,0.129433601649907,-2.96717783996064,128.228412926298,-2.86372817144093,103.730562087649,-1.26802244452665,1.7061999424086,-5.23683099279151,-3.13088115606979,88.5211526611223,-0.0404824023798938,2.10507563451984,-4.11905787929497,-0.496087354216797,-0.00246377785470031,-1.05379062668817,-0.862507972677577,2.66816287849451,-5.05937755877767,-1.59165517916381,-3.74685991721344,-3.2471173584272,-0.330681888682648,-0.515337183038355,73.1111243322885,-1.60162659260914,-2.05477330311032,-1.8864588257361,-8.34062275471479,-0.919206165733613,-0.895906892313178,-2.75683406232793,-3.835960950139,-0.846612420110432,-1.02624902275147,-1.7553689307033,-3.76930617740163,2.67870580501767,-3.58790775809348,-2.19429714512671,-5.34508246404903,-3.34108069235253,-0.667006355356989,0.898563799722524,0.630736654081375,-1.37826882288573,1.38169988095524,104.137201484887,0.0475680114641364,1.70035817691223,-0.661760763468465,-4.56716037591559,-0.458567498882076,0.461343736473737,1.0803241444064,-6.67018145368365,-4.61787763378652
,38,-6.74467616536458,-2.54582284545631,70.8697145926377,-5.49295240537094,-5.35314096183765,-3.09940259702489,-3.35399107627427,-3.97106005800379,-5.75511704201563,-9.07645886166983,-1.64995432678779,-6.95010130518176,-3.28343741604294,0.385988782670211,42.7892042472561,-1.2310730435579,-3.54412257935928,95.9842408272534,80.2188513076967,-2.5492252855588,84.0477073055667,-2.07174615045733,83.414186146745,-3.54386779361175,-0.924346743819569,-0.00875327471248966,126.680671140248,104.432509565676,-4.99709195830974,-1.98430210309562,125.332138079407,-2.11312195442088,-2.53718277391681,-1.85814603702647,1.17632314221464,1.15187782439807,-1.52842355859229,3.29544564994148,3.1513168877309,2.44780525521128,-3.29206911989513,130.016555142287,-2.90529223237127,105.90677206785,-1.45002926550569,-2.70526767192996,-6.64638566871827,-0.808205249249568,88.9834035421339,-3.35924039903512,-6.5585875687143,-4.91952541920379,-1.55581389247664,-3.08288203304846,-4.60912337261288,-3.23641642447637,0.319081498474134,-4.06400176876014,-3.58434518911599,-3.41832166677295,-0.453252540688027,-1.07952294534971,-0.217609756298316,72.144071242318,1.51104147329534,-1.13401697917607,2.63314260447669,-5.09360921785128,-1.15143925438315,0.950022110886948,-1.53889740156501,-5.08043254400263,1.5456428108123,-0.877207177535638,-1.38635706669265,-0.337258566786659,-0.875329473589318,-6.26042873627875,-5.52579660701849,-2.69452815901195,-2.26434581363719,-4.3865725472765,-3.32409086143844,4.0328544017375,-3.20831787453017,-3.08451674618982,105.333685560144,-0.0607292954359764,-2.27675670456256,0.946757519366201,-0.865550993195939,-1.25913592559846,-3.97216694574627,-4.17604550248416,-10.903202160885,-3.76433207289574
,39,-1.29183484478153,-0.479469066980073,70.8632022135515,-1.96184601438608,-2.50945488502521,-1.92481367058053,-3.57482353226123,1.56206713660004,-3.50376094876128,-8.792216695565,0.554064017851942,-3.8258830001846,0.205479147094593,2.5369044890549,43.7258241607933,-4.1443115676152,-3.30906740947012,95.5538096446689,81.463811158714,-1.0390729498381,84.8672018741813,-2.99463910003215,83.328080129656,-5.76568400407723,-4.50402227728773,-1.48974458984321,127.95978316697,101.745520821911,-1.84408254232494,-4.36431009142916,126.554614638208,-4.51271251715343,-5.68542898643273,-1.29718085561399,-4.39175436505457,1.50954981113046,-4.1142598418528,1.86502718712654,1.08478131069796,-0.553372145631784,-5.18157911166554,127.904820610779,-2.06937523071201,109.539567169814,-6.01553953474013,-2.42852822259829,-6.34520860814064,-5.01865920083583,88.9140292724965,0.690134387813487,-2.52912196290117,-4.64953938346374,-2.17875391491452,-3.7970482590913,-8.41532267409002,-3.43912824555218,0.569429599976047,-0.81388756737897,-1.25315853122584,-4.56398662351103,-2.3334802573886,-2.94949884137623,0.0361795353701382,71.2581519500203,-0.282707967925489,-3.03518033545606,-1.22587225336883,-6.64150317077383,-4.01922270482328,0.592376607139158,-4.67645067793455,-2.84001858679585,1.1228260902335,-3.84688696042758,-3.25916684391905,-1.90646252042916,-1.51572076380126,-3.09132579419338,-2.65563776248337,0.0636792301070273,0.973169791189775,-1.11228299730965,-2.87393401706777,-6.21547012115707,-3.74216734507945,-0.978243671875134,105.819027624855,-1.72413997134981,-0.420102119180228,-1.4810459438354,-5.97721568029738,-6.7357731654206,-2.84418224803449,-3.78893514351876,-7.5587482374558,-1.20485803638439
,40,-1.04409968335767,-1.09560722593733,70.8474389151179,-3.72257699401689,-6.06165515655994,-1.84947230016223,-6.52916642687705,-1.26833591761988,-0.892505490285657,-9.52783216387525,1.83990905022711,-4.57909486353628,-2.90502634599716,1.71564836581501,46.1561523756163,-1.09665454608376,-1.1961596139804,96.5299505215835,82.3262833390336,-4.19595652848238,84.6782820428111,-3.91104890855559,82.3215936246929,-2.23719484329513,-3.47088271397524,-0.379552386749765,126.684120049794,105.106909707057,-1.91344064504983,0.528807114052142,129.507984233987,-6.77834326962829,-3.6290931956014,0.979997743921103,-0.464040159792148,0.872471290555495,-0.510280087772571,2.75141718374198,-2.87411016076567,3.37387090929496,-5.36124530659254,130.144137477189,-2.68132392906819,111.005783020644,-1.86228981245313,-2.13923320701269,-7.48795888215227,-3.71647694040985,87.6804436286347,1.14888718206703,-5.2409361716127,-3.26572111307087,-0.267084148960294,-2.38851371278543,-5.95942572439071,0.0270542892562844,2.91635259817213,-6.56865459566552,-6.758365372556,-2.47937886438194,1.04955419387488,-3.72450267337717,-4.6344394652474,71.8974787086809,2.56741180006748,-2.58143319658075,-2.41132007156375,-5.85110551032403,-3.27757462085674,-1.87865663236744,-0.223086280552707,-8.64084618931156,1.67642901897807,-0.477669920840526,-2.7982121396708,-2.96208967988468,-2.01279640261555,-1.88527687127544,-1.80371414505589,-1.82406016469167,-0.925184656658985,-0.70891337312878,-2.67185445520909,-4.45856819091705,-6.04539258052682,0.568549737223748,110.943099747368,-5.92204603620803,-4.39867278433439,-1.66709382322961,-3.0287722535486,-2.19493208009362,-6.57305771245501,-2.39574208577051,-11.5043937010023,-2.56169365112373
